,survived,pclass,sex,age,sibsp,parch,fare,embarked,alive,class,deck,alone,who,wc
0,0,3,male,22.0,1,0,7.25,S,False,third,,False,male,m
1,1,1,female,38.0,1,0,71.2833,C,True,first,,False,female,w/c
2,1,3,female,26.0,0,0,7.925,S,True,third,,True,female,w/c
3,1,1,female,35.0,1,0,53.1,S,True,first,,False,female,w/c
4,0,3,male,35.0,0,0,8.05,S,False,third,,True,male,m
5,0,3,male,,0,0,8.4583,Q,False,third,,True,male,m
6,0,1,male,54.0,0,0,51.8625,S,False,first,,True,male,m
7,0,3,male,2.0,3,1,21.075,S,False,third,,False,child,
8,1,3,female,27.0,0,2,11.1333,S,True,third,,False,female,w/c
9,1,2,female,14.0,1,0,30.0708,C,True,second,,False,child,
10,1,3,female,4.0,1,1,16.7,S,True,third,,False,child,
11,1,1,female,58.0,0,0,26.55,S,True,first,,True,female,w/c
12,0,3,male,20.0,0,0,8.05,S,False,third,,True,male,m
13,0,3,male,39.0,1,5,31.275,S,False,third,,False,male,m
14,0,3,female,14.0,0,0,7.8542,S,False,third,,True,child,
15,1,2,female,55.0,0,0,16.0,S,True,second,,True,female,w/c
16,0,3,male,2.0,4,1,29.125,Q,False,third,,False,child,
17,1,2,male,,0,0,13.0,S,True,second,,True,male,m
18,0,3,female,31.0,1,0,18.0,S,False,third,,False,female,w/c
19,1,3,female,,0,0,7.225,C,True,third,,True,female,w/c
20,0,2,male,35.0,0,0,26.0,S,False,second,,True,male,m
21,1,2,male,34.0,0,0,13.0,S,True,second,,True,male,m
22,1,3,female,15.0,0,0,8.0292,Q,True,third,,True,child,
23,1,1,male,28.0,0,0,35.5,S,True,first,,True,male,m
24,0,3,female,8.0,3,1,21.075,S,False,third,,False,child,
25,1,3,female,38.0,1,5,31.3875,S,True,third,,False,female,w/c
26,0,3,male,,0,0,7.225,C,False,third,,True,male,m
27,0,1,male,19.0,3,2,263.0,S,False,first,,False,male,m
28,1,3,female,,0,0,7.8792,Q,True,third,,True,female,w/c
29,0,3,male,,0,0,7.8958,S,False,third,,True,male,m
30,0,1,male,40.0,0,0,27.7208,C,False,first,,True,male,m
31,1,1,female,,1,0,146.5208,C,True,first,,False,female,w/c
32,1,3,female,,0,0,7.75,Q,True,third,,True,female,w/c
33,0,2,male,66.0,0,0,10.5,S,False,second,,True,male,m
34,0,1,male,28.0,1,0,82.1708,C,False,first,,False,male,m
35,0,1,male,42.0,1,0,52.0,S,False,first,,False,male,m
36,1,3,male,,0,0,7.2292,C,True,third,,True,male,m
37,0,3,male,21.0,0,0,8.05,S,False,third,,True,male,m
38,0,3,female,18.0,2,0,18.0,S,False,third,,False,female,w/c
39,1,3,female,14.0,1,0,11.2417,C,True,third,,False,child,
40,0,3,female,40.0,1,0,9.475,S,False,third,,False,female,w/c
41,0,2,female,27.0,1,0,21.0,S,False,second,,False,female,w/c
42,0,3,male,,0,0,7.8958,C,False,third,,True,male,m
43,1,2,female,3.0,1,2,41.5792,C,True,second,,False,child,
44,1,3,female,19.0,0,0,7.8792,Q,True,third,,True,female,w/c
45,0,3,male,,0,0,8.05,S,False,third,,True,male,m
46,0,3,male,,1,0,15.5,Q,False,third,,False,male,m
47,1,3,female,,0,0,7.75,Q,True,third,,True,female,w/c
48,0,3,male,,2,0,21.6792,C,False,third,,False,male,m
49,0,3,female,18.0,1,0,17.8,S,False,third,,False,female,w/c
50,0,3,male,7.0,4,1,39.6875,S,False,third,,False,child,
51,0,3,male,21.0,0,0,7.8,S,False,third,,True,male,m
52,1,1,female,49.0,1,0,76.7292,C,True,first,,False,female,w/c
53,1,2,female,29.0,1,0,26.0,S,True,second,,False,female,w/c
54,0,1,male,65.0,0,1,61.9792,C,False,first,,False,male,m
55,1,1,male,,0,0,35.5,S,True,first,,True,male,m
56,1,2,female,21.0,0,0,10.5,S,True,second,,True,female,w/c
57,0,3,male,28.5,0,0,7.2292,C,False,third,,True,male,m
58,1,2,female,5.0,1,2,27.75,S,True,second,,False,child,
59,0,3,male,11.0,5,2,46.9,S,False,third,,False,child,
60,0,3,male,22.0,0,0,7.2292,C,False,third,,True,male,m
61,1,1,female,38.0,0,0,80.0,,True,first,,True,female,w/c
62,0,1,male,45.0,1,0,83.475,S,False,first,,False,male,m
63,0,3,male,4.0,3,2,27.9,S,False,third,,False,child,
64,0,1,male,,0,0,27.7208,C,False,first,,True,male,m
65,1,3,male,,1,1,15.2458,C,True,third,,False,male,m
66,1,2,female,29.0,0,0,10.5,S,True,second,,True,female,w/c
67,0,3,male,19.0,0,0,8.1583,S,False,third,,True,male,m
68,1,3,female,17.0,4,2,7.925,S,True,third,,False,female,w/c
69,0,3,male,26.0,2,0,8.6625,S,False,third,,False,male,m
70,0,2,male,32.0,0,0,10.5,S,False,second,,True,male,m
71,0,3,female,16.0,5,2,46.9,S,False,third,,False,female,w/c
72,0,2,male,21.0,0,0,73.5,S,False,second,,True,male,m
73,0,3,male,26.0,1,0,14.4542,C,False,third,,False,male,m
74,1,3,male,32.0,0,0,56.4958,S,True,third,,True,male,m
75,0,3,male,25.0,0,0,7.65,S,False,third,,True,male,m
76,0,3,male,,0,0,7.8958,S,False,third,,True,male,m
77,0,3,male,,0,0,8.05,S,False,third,,True,male,m
78,1,2,male,0.83,0,2,29.0,S,True,second,,False,child,
79,1,3,female,30.0,0,0,12.475,S,True,third,,True,female,w/c
80,0,3,male,22.0,0,0,9.0,S,False,third,,True,male,m
81,1,3,male,29.0,0,0,9.5,S,True,third,,True,male,m
82,1,3,female,,0,0,7.7875,Q,True,third,,True,female,w/c
83,0,1,male,28.0,0,0,47.1,S,False,first,,True,male,m
84,1,2,female,17.0,0,0,10.5,S,True,second,,True,female,w/c
85,1,3,female,33.0,3,0,15.85,S,True,third,,False,female,w/c
86,0,3,male,16.0,1,3,34.375,S,False,third,,False,male,m
87,0,3,male,,0,0,8.05,S,False,third,,True,male,m
88,1,1,female,23.0,3,2,263.0,S,True,first,,False,female,w/c
89,0,3,male,24.0,0,0,8.05,S,False,third,,True,male,m
90,0,3,male,29.0,0,0,8.05,S,False,third,,True,male,m
91,0,3,male,20.0,0,0,7.8542,S,False,third,,True,male,m
92,0,1,male,46.0,1,0,61.175,S,False,first,,False,male,m
93,0,3,male,26.0,1,2,20.575,S,False,third,,False,male,m
94,0,3,male,59.0,0,0,7.25,S,False,third,,True,male,m
95,0,3,male,,0,0,8.05,S,False,third,,True,male,m
96,0,1,male,71.0,0,0,34.6542,C,False,first,,True,male,m
97,1,1,male,23.0,0,1,63.3583,C,True,first,,False,male,m
98,1,2,female,34.0,0,1,23.0,S,True,second,,False,female,w/c
99,0,2,male,34.0,1,0,26.0,S,False,second,,False,male,m
100,0,3,female,28.0,0,0,7.8958,S,False,third,,True,female,w/c
101,0,3,male,,0,0,7.8958,S,False,third,,True,male,m
102,0,1,male,21.0,0,1,77.2875,S,False,first,,False,male,m
103,0,3,male,33.0,0,0,8.6542,S,False,third,,True,male,m
104,0,3,male,37.0,2,0,7.925,S,False,third,,False,male,m
105,0,3,male,28.0,0,0,7.8958,S,False,third,,True,male,m
106,1,3,female,21.0,0,0,7.65,S,True,third,,True,female,w/c
107,1,3,male,,0,0,7.775,S,True,third,,True,male,m
108,0,3,male,38.0,0,0,7.8958,S,False,third,,True,male,m
109,1,3,female,,1,0,24.15,Q,True,third,,False,female,w/c
110,0,1,male,47.0,0,0,52.0,S,False,first,,True,male,m
111,0,3,female,14.5,1,0,14.4542,C,False,third,,False,child,
112,0,3,male,22.0,0,0,8.05,S,False,third,,True,male,m
113,0,3,female,20.0,1,0,9.825,S,False,third,,False,female,w/c
114,0,3,female,17.0,0,0,14.4583,C,False,third,,True,female,w/c
115,0,3,male,21.0,0,0,7.925,S,False,third,,True,male,m
116,0,3,male,70.5,0,0,7.75,Q,False,third,,True,male,m
117,0,2,male,29.0,1,0,21.0,S,False,second,,False,male,m
118,0,1,male,24.0,0,1,247.5208,C,False,first,,False,male,m
119,0,3,female,2.0,4,2,31.275,S,False,third,,False,child,
120,0,2,male,21.0,2,0,73.5,S,False,second,,False,male,m
121,0,3,male,,0,0,8.05,S,False,third,,True,male,m
122,0,2,male,32.5,1,0,30.0708,C,False,second,,False,male,m
123,1,2,female,32.5,0,0,13.0,S,True,second,,True,female,w/c
124,0,1,male,54.0,0,1,77.2875,S,False,first,,False,male,m
125,1,3,male,12.0,1,0,11.2417,C,True,third,,False,child,
126,0,3,male,,0,0,7.75,Q,False,third,,True,male,m
127,1,3,male,24.0,0,0,7.1417,S,True,third,,True,male,m
128,1,3,female,,1,1,22.3583,C,True,third,,False,female,w/c
129,0,3,male,45.0,0,0,6.975,S,False,third,,True,male,m
130,0,3,male,33.0,0,0,7.8958,C,False,third,,True,male,m
131,0,3,male,20.0,0,0,7.05,S,False,third,,True,male,m
132,0,3,female,47.0,1,0,14.5,S,False,third,,False,female,w/c
133,1,2,female,29.0,1,0,26.0,S,True,second,,False,female,w/c
134,0,2,male,25.0,0,0,13.0,S,False,second,,True,male,m
135,0,2,male,23.0,0,0,15.0458,C,False,second,,True,male,m
136,1,1,female,19.0,0,2,26.2833,S,True,first,,False,female,w/c
137,0,1,male,37.0,1,0,53.1,S,False,first,,False,male,m
138,0,3,male,16.0,0,0,9.2167,S,False,third,,True,male,m
139,0,1,male,24.0,0,0,79.2,C,False,first,,True,male,m
140,0,3,female,,0,2,15.2458,C,False,third,,False,female,w/c
141,1,3,female,22.0,0,0,7.75,S,True,third,,True,female,w/c
142,1,3,female,24.0,1,0,15.85,S,True,third,,False,female,w/c
143,0,3,male,19.0,0,0,6.75,Q,False,third,,True,male,m
144,0,2,male,18.0,0,0,11.5,S,False,second,,True,male,m
145,0,2,male,19.0,1,1,36.75,S,False,second,,False,male,m
146,1,3,male,27.0,0,0,7.7958,S,True,third,,True,male,m
147,0,3,female,9.0,2,2,34.375,S,False,third,,False,child,
148,0,2,male,36.5,0,2,26.0,S,False,second,,False,male,m
149,0,2,male,42.0,0,0,13.0,S,False,second,,True,male,m
150,0,2,male,51.0,0,0,12.525,S,False,second,,True,male,m
151,1,1,female,22.0,1,0,66.6,S,True,first,,False,female,w/c
152,0,3,male,55.5,0,0,8.05,S,False,third,,True,male,m
153,0,3,male,40.5,0,2,14.5,S,False,third,,False,male,m
154,0,3,male,,0,0,7.3125,S,False,third,,True,male,m
155,0,1,male,51.0,0,1,61.3792,C,False,first,,False,male,m
156,1,3,female,16.0,0,0,7.7333,Q,True,third,,True,female,w/c
157,0,3,male,30.0,0,0,8.05,S,False,third,,True,male,m
158,0,3,male,,0,0,8.6625,S,False,third,,True,male,m
159,0,3,male,,8,2,69.55,S,False,third,,False,male,m
160,0,3,male,44.0,0,1,16.1,S,False,third,,False,male,m
161,1,2,female,40.0,0,0,15.75,S,True,second,,True,female,w/c
162,0,3,male,26.0,0,0,7.775,S,False,third,,True,male,m
163,0,3,male,17.0,0,0,8.6625,S,False,third,,True,male,m
164,0,3,male,1.0,4,1,39.6875,S,False,third,,False,child,
165,1,3,male,9.0,0,2,20.525,S,True,third,,False,child,
166,1,1,female,,0,1,55.0,S,True,first,,False,female,w/c
167,0,3,female,45.0,1,4,27.9,S,False,third,,False,female,w/c
168,0,1,male,,0,0,25.925,S,False,first,,True,male,m
169,0,3,male,28.0,0,0,56.4958,S,False,third,,True,male,m
170,0,1,male,61.0,0,0,33.5,S,False,first,,True,male,m
171,0,3,male,4.0,4,1,29.125,Q,False,third,,False,child,
172,1,3,female,1.0,1,1,11.1333,S,True,third,,False,child,
173,0,3,male,21.0,0,0,7.925,S,False,third,,True,male,m
174,0,1,male,56.0,0,0,30.6958,C,False,first,,True,male,m
175,0,3,male,18.0,1,1,7.8542,S,False,third,,False,male,m
176,0,3,male,,3,1,25.4667,S,False,third,,False,male,m
177,0,1,female,50.0,0,0,28.7125,C,False,first,,True,female,w/c
178,0,2,male,30.0,0,0,13.0,S,False,second,,True,male,m
179,0,3,male,36.0,0,0,0.0,S,False,third,,True,male,m
180,0,3,female,,8,2,69.55,S,False,third,,False,female,w/c
181,0,2,male,,0,0,15.05,C,False,second,,True,male,m
182,0,3,male,9.0,4,2,31.3875,S,False,third,,False,child,
183,1,2,male,1.0,2,1,39.0,S,True,second,,False,child,
184,1,3,female,4.0,0,2,22.025,S,True,third,,False,child,
185,0,1,male,,0,0,50.0,S,False,first,,True,male,m
186,1,3,female,,1,0,15.5,Q,True,third,,False,female,w/c
187,1,1,male,45.0,0,0,26.55,S,True,first,,True,male,m
188,0,3,male,40.0,1,1,15.5,Q,False,third,,False,male,m
189,0,3,male,36.0,0,0,7.8958,S,False,third,,True,male,m
190,1,2,female,32.0,0,0,13.0,S,True,second,,True,female,w/c
191,0,2,male,19.0,0,0,13.0,S,False,second,,True,male,m
192,1,3,female,19.0,1,0,7.8542,S,True,third,,False,female,w/c
193,1,2,male,3.0,1,1,26.0,S,True,second,,False,child,
194,1,1,female,44.0,0,0,27.7208,C,True,first,,True,female,w/c
195,1,1,female,58.0,0,0,146.5208,C,True,first,,True,female,w/c
196,0,3,male,,0,0,7.75,Q,False,third,,True,male,m
197,0,3,male,42.0,0,1,8.4042,S,False,third,,False,male,m
198,1,3,female,,0,0,7.75,Q,True,third,,True,female,w/c
199,0,2,female,24.0,0,0,13.0,S,False,second,,True,female,w/c
200,0,3,male,28.0,0,0,9.5,S,False,third,,True,male,m
201,0,3,male,,8,2,69.55,S,False,third,,False,male,m
202,0,3,male,34.0,0,0,6.4958,S,False,third,,True,male,m
203,0,3,male,45.5,0,0,7.225,C,False,third,,True,male,m
204,1,3,male,18.0,0,0,8.05,S,True,third,,True,male,m
205,0,3,female,2.0,0,1,10.4625,S,False,third,,False,child,
206,0,3,male,32.0,1,0,15.85,S,False,third,,False,male,m
207,1,3,male,26.0,0,0,18.7875,C,True,third,,True,male,m
208,1,3,female,16.0,0,0,7.75,Q,True,third,,True,female,w/c
209,1,1,male,40.0,0,0,31.0,C,True,first,,True,male,m
210,0,3,male,24.0,0,0,7.05,S,False,third,,True,male,m
211,1,2,female,35.0,0,0,21.0,S,True,second,,True,female,w/c
212,0,3,male,22.0,0,0,7.25,S,False,third,,True,male,m
213,0,2,male,30.0,0,0,13.0,S,False,second,,True,male,m
214,0,3,male,,1,0,7.75,Q,False,third,,False,male,m
215,1,1,female,31.0,1,0,113.275,C,True,first,,False,female,w/c
216,1,3,female,27.0,0,0,7.925,S,True,third,,True,female,w/c
217,0,2,male,42.0,1,0,27.0,S,False,second,,False,male,m
218,1,1,female,32.0,0,0,76.2917,C,True,first,,True,female,w/c
219,0,2,male,30.0,0,0,10.5,S,False,second,,True,male,m
220,1,3,male,16.0,0,0,8.05,S,True,third,,True,male,m
221,0,2,male,27.0,0,0,13.0,S,False,second,,True,male,m
222,0,3,male,51.0,0,0,8.05,S,False,third,,True,male,m
223,0,3,male,,0,0,7.8958,S,False,third,,True,male,m
224,1,1,male,38.0,1,0,90.0,S,True,first,,False,male,m
225,0,3,male,22.0,0,0,9.35,S,False,third,,True,male,m
226,1,2,male,19.0,0,0,10.5,S,True,second,,True,male,m
227,0,3,male,20.5,0,0,7.25,S,False,third,,True,male,m
228,0,2,male,18.0,0,0,13.0,S,False,second,,True,male,m
229,0,3,female,,3,1,25.4667,S,False,third,,False,female,w/c
230,1,1,female,35.0,1,0,83.475,S,True,first,,False,female,w/c
231,0,3,male,29.0,0,0,7.775,S,False,third,,True,male,m
232,0,2,male,59.0,0,0,13.5,S,False,second,,True,male,m
233,1,3,female,5.0,4,2,31.3875,S,True,third,,False,child,
234,0,2,male,24.0,0,0,10.5,S,False,second,,True,male,m
235,0,3,female,,0,0,7.55,S,False,third,,True,female,w/c
236,0,2,male,44.0,1,0,26.0,S,False,second,,False,male,m
237,1,2,female,8.0,0,2,26.25,S,True,second,,False,child,
238,0,2,male,19.0,0,0,10.5,S,False,second,,True,male,m
239,0,2,male,33.0,0,0,12.275,S,False,second,,True,male,m
240,0,3,female,,1,0,14.4542,C,False,third,,False,female,w/c
241,1,3,female,,1,0,15.5,Q,True,third,,False,female,w/c
242,0,2,male,29.0,0,0,10.5,S,False,second,,True,male,m
243,0,3,male,22.0,0,0,7.125,S,False,third,,True,male,m
244,0,3,male,30.0,0,0,7.225,C,False,third,,True,male,m
245,0,1,male,44.0,2,0,90.0,Q,False,first,,False,male,m
246,0,3,female,25.0,0,0,7.775,S,False,third,,True,female,w/c
247,1,2,female,24.0,0,2,14.5,S,True,second,,False,female,w/c
248,1,1,male,37.0,1,1,52.5542,S,True,first,,False,male,m
249,0,2,male,54.0,1,0,26.0,S,False,second,,False,male,m
250,0,3,male,,0,0,7.25,S,False,third,,True,male,m
251,0,3,female,29.0,1,1,10.4625,S,False,third,,False,female,w/c
252,0,1,male,62.0,0,0,26.55,S,False,first,,True,male,m
253,0,3,male,30.0,1,0,16.1,S,False,third,,False,male,m
254,0,3,female,41.0,0,2,20.2125,S,False,third,,False,female,w/c
255,1,3,female,29.0,0,2,15.2458,C,True,third,,False,female,w/c
256,1,1,female,,0,0,79.2,C,True,first,,True,female,w/c
257,1,1,female,30.0,0,0,86.5,S,True,first,,True,female,w/c
258,1,1,female,35.0,0,0,512.3292,C,True,first,,True,female,w/c
259,1,2,female,50.0,0,1,26.0,S,True,second,,False,female,w/c
260,0,3,male,,0,0,7.75,Q,False,third,,True,male,m
261,1,3,male,3.0,4,2,31.3875,S,True,third,,False,child,
262,0,1,male,52.0,1,1,79.65,S,False,first,,False,male,m
263,0,1,male,40.0,0,0,0.0,S,False,first,,True,male,m
264,0,3,female,,0,0,7.75,Q,False,third,,True,female,w/c
265,0,2,male,36.0,0,0,10.5,S,False,second,,True,male,m
266,0,3,male,16.0,4,1,39.6875,S,False,third,,False,male,m
267,1,3,male,25.0,1,0,7.775,S,True,third,,False,male,m
268,1,1,female,58.0,0,1,153.4625,S,True,first,,False,female,w/c
269,1,1,female,35.0,0,0,135.6333,S,True,first,,True,female,w/c
270,0,1,male,,0,0,31.0,S,False,first,,True,male,m
271,1,3,male,25.0,0,0,0.0,S,True,third,,True,male,m
272,1,2,female,41.0,0,1,19.5,S,True,second,,False,female,w/c
273,0,1,male,37.0,0,1,29.7,C,False,first,,False,male,m
274,1,3,female,,0,0,7.75,Q,True,third,,True,female,w/c
275,1,1,female,63.0,1,0,77.9583,S,True,first,,False,female,w/c
276,0,3,female,45.0,0,0,7.75,S,False,third,,True,female,w/c
277,0,2,male,,0,0,0.0,S,False,second,,True,male,m
278,0,3,male,7.0,4,1,29.125,Q,False,third,,False,child,
279,1,3,female,35.0,1,1,20.25,S,True,third,,False,female,w/c
280,0,3,male,65.0,0,0,7.75,Q,False,third,,True,male,m
281,0,3,male,28.0,0,0,7.8542,S,False,third,,True,male,m
282,0,3,male,16.0,0,0,9.5,S,False,third,,True,male,m
283,1,3,male,19.0,0,0,8.05,S,True,third,,True,male,m
284,0,1,male,,0,0,26.0,S,False,first,,True,male,m
285,0,3,male,33.0,0,0,8.6625,C,False,third,,True,male,m
286,1,3,male,30.0,0,0,9.5,S,True,third,,True,male,m
287,0,3,male,22.0,0,0,7.8958,S,False,third,,True,male,m
288,1,2,male,42.0,0,0,13.0,S,True,second,,True,male,m
289,1,3,female,22.0,0,0,7.75,Q,True,third,,True,female,w/c
290,1,1,female,26.0,0,0,78.85,S,True,first,,True,female,w/c
291,1,1,female,19.0,1,0,91.0792,C,True,first,,False,female,w/c
292,0,2,male,36.0,0,0,12.875,C,False,second,,True,male,m
293,0,3,female,24.0,0,0,8.85,S,False,third,,True,female,w/c
294,0,3,male,24.0,0,0,7.8958,S,False,third,,True,male,m
295,0,1,male,,0,0,27.7208,C,False,first,,True,male,m
296,0,3,male,23.5,0,0,7.2292,C,False,third,,True,male,m
297,0,1,female,2.0,1,2,151.55,S,False,first,,False,child,
298,1,1,male,,0,0,30.5,S,True,first,,True,male,m
299,1,1,female,50.0,0,1,247.5208,C,True,first,,False,female,w/c
300,1,3,female,,0,0,7.75,Q,True,third,,True,female,w/c
301,1,3,male,,2,0,23.25,Q,True,third,,False,male,m
302,0,3,male,19.0,0,0,0.0,S,False,third,,True,male,m
303,1,2,female,,0,0,12.35,Q,True,second,,True,female,w/c
304,0,3,male,,0,0,8.05,S,False,third,,True,male,m
305,1,1,male,0.92,1,2,151.55,S,True,first,,False,child,
306,1,1,female,,0,0,110.8833,C,True,first,,True,female,w/c
307,1,1,female,17.0,1,0,108.9,C,True,first,,False,female,w/c
308,0,2,male,30.0,1,0,24.0,C,False,second,,False,male,m
309,1,1,female,30.0,0,0,56.9292,C,True,first,,True,female,w/c
310,1,1,female,24.0,0,0,83.1583,C,True,first,,True,female,w/c
311,1,1,female,18.0,2,2,262.375,C,True,first,,False,female,w/c
312,0,2,female,26.0,1,1,26.0,S,False,second,,False,female,w/c
313,0,3,male,28.0,0,0,7.8958,S,False,third,,True,male,m
314,0,2,male,43.0,1,1,26.25,S,False,second,,False,male,m
315,1,3,female,26.0,0,0,7.8542,S,True,third,,True,female,w/c
316,1,2,female,24.0,1,0,26.0,S,True,second,,False,female,w/c
317,0,2,male,54.0,0,0,14.0,S,False,second,,True,male,m
318,1,1,female,31.0,0,2,164.8667,S,True,first,,False,female,w/c
319,1,1,female,40.0,1,1,134.5,C,True,first,,False,female,w/c
320,0,3,male,22.0,0,0,7.25,S,False,third,,True,male,m
321,0,3,male,27.0,0,0,7.8958,S,False,third,,True,male,m
322,1,2,female,30.0,0,0,12.35,Q,True,second,,True,female,w/c
323,1,2,female,22.0,1,1,29.0,S,True,second,,False,female,w/c
324,0,3,male,,8,2,69.55,S,False,third,,False,male,m
325,1,1,female,36.0,0,0,135.6333,C,True,first,,True,female,w/c
326,0,3,male,61.0,0,0,6.2375,S,False,third,,True,male,m
327,1,2,female,36.0,0,0,13.0,S,True,second,,True,female,w/c
328,1,3,female,31.0,1,1,20.525,S,True,third,,False,female,w/c
329,1,1,female,16.0,0,1,57.9792,C,True,first,,False,female,w/c
330,1,3,female,,2,0,23.25,Q,True,third,,False,female,w/c
331,0,1,male,45.5,0,0,28.5,S,False,first,,True,male,m
332,0,1,male,38.0,0,1,153.4625,S,False,first,,False,male,m
333,0,3,male,16.0,2,0,18.0,S,False,third,,False,male,m
334,1,1,female,,1,0,133.65,S,True,first,,False,female,w/c
335,0,3,male,,0,0,7.8958,S,False,third,,True,male,m
336,0,1,male,29.0,1,0,66.6,S,False,first,,False,male,m
337,1,1,female,41.0,0,0,134.5,C,True,first,,True,female,w/c
338,1,3,male,45.0,0,0,8.05,S,True,third,,True,male,m
339,0,1,male,45.0,0,0,35.5,S,False,first,,True,male,m
340,1,2,male,2.0,1,1,26.0,S,True,second,,False,child,
341,1,1,female,24.0,3,2,263.0,S,True,first,,False,female,w/c
342,0,2,male,28.0,0,0,13.0,S,False,second,,True,male,m
343,0,2,male,25.0,0,0,13.0,S,False,second,,True,male,m
344,0,2,male,36.0,0,0,13.0,S,False,second,,True,male,m
345,1,2,female,24.0,0,0,13.0,S,True,second,,True,female,w/c
346,1,2,female,40.0,0,0,13.0,S,True,second,,True,female,w/c
347,1,3,female,,1,0,16.1,S,True,third,,False,female,w/c
348,1,3,male,3.0,1,1,15.9,S,True,third,,False,child,
349,0,3,male,42.0,0,0,8.6625,S,False,third,,True,male,m
350,0,3,male,23.0,0,0,9.225,S,False,third,,True,male,m
351,0,1,male,,0,0,35.0,S,False,first,,True,male,m
352,0,3,male,15.0,1,1,7.2292,C,False,third,,False,child,
353,0,3,male,25.0,1,0,17.8,S,False,third,,False,male,m
354,0,3,male,,0,0,7.225,C,False,third,,True,male,m
355,0,3,male,28.0,0,0,9.5,S,False,third,,True,male,m
356,1,1,female,22.0,0,1,55.0,S,True,first,,False,female,w/c
357,0,2,female,38.0,0,0,13.0,S,False,second,,True,female,w/c
358,1,3,female,,0,0,7.8792,Q,True,third,,True,female,w/c
359,1,3,female,,0,0,7.8792,Q,True,third,,True,female,w/c
360,0,3,male,40.0,1,4,27.9,S,False,third,,False,male,m
361,0,2,male,29.0,1,0,27.7208,C,False,second,,False,male,m
362,0,3,female,45.0,0,1,14.4542,C,False,third,,False,female,w/c
363,0,3,male,35.0,0,0,7.05,S,False,third,,True,male,m
364,0,3,male,,1,0,15.5,Q,False,third,,False,male,m
365,0,3,male,30.0,0,0,7.25,S,False,third,,True,male,m
366,1,1,female,60.0,1,0,75.25,C,True,first,,False,female,w/c
367,1,3,female,,0,0,7.2292,C,True,third,,True,female,w/c
368,1,3,female,,0,0,7.75,Q,True,third,,True,female,w/c
369,1,1,female,24.0,0,0,69.3,C,True,first,,True,female,w/c
370,1,1,male,25.0,1,0,55.4417,C,True,first,,False,male,m
371,0,3,male,18.0,1,0,6.4958,S,False,third,,False,male,m
372,0,3,male,19.0,0,0,8.05,S,False,third,,True,male,m
373,0,1,male,22.0,0,0,135.6333,C,False,first,,True,male,m
374,0,3,female,3.0,3,1,21.075,S,False,third,,False,child,
375,1,1,female,,1,0,82.1708,C,True,first,,False,female,w/c
376,1,3,female,22.0,0,0,7.25,S,True,third,,True,female,w/c
377,0,1,male,27.0,0,2,211.5,C,False,first,,False,male,m
378,0,3,male,20.0,0,0,4.0125,C,False,third,,True,male,m
379,0,3,male,19.0,0,0,7.775,S,False,third,,True,male,m
380,1,1,female,42.0,0,0,227.525,C,True,first,,True,female,w/c
381,1,3,female,1.0,0,2,15.7417,C,True,third,,False,child,
382,0,3,male,32.0,0,0,7.925,S,False,third,,True,male,m
383,1,1,female,35.0,1,0,52.0,S,True,first,,False,female,w/c
384,0,3,male,,0,0,7.8958,S,False,third,,True,male,m
385,0,2,male,18.0,0,0,73.5,S,False,second,,True,male,m
386,0,3,male,1.0,5,2,46.9,S,False,third,,False,child,
387,1,2,female,36.0,0,0,13.0,S,True,second,,True,female,w/c
388,0,3,male,,0,0,7.7292,Q,False,third,,True,male,m
389,1,2,female,17.0,0,0,12.0,C,True,second,,True,female,w/c
390,1,1,male,36.0,1,2,120.0,S,True,first,,False,male,m
391,1,3,male,21.0,0,0,7.7958,S,True,third,,True,male,m
392,0,3,male,28.0,2,0,7.925,S,False,third,,False,male,m
393,1,1,female,23.0,1,0,113.275,C,True,first,,False,female,w/c
394,1,3,female,24.0,0,2,16.7,S,True,third,,False,female,w/c
395,0,3,male,22.0,0,0,7.7958,S,False,third,,True,male,m
396,0,3,female,31.0,0,0,7.8542,S,False,third,,True,female,w/c
397,0,2,male,46.0,0,0,26.0,S,False,second,,True,male,m
398,0,2,male,23.0,0,0,10.5,S,False,second,,True,male,m
399,1,2,female,28.0,0,0,12.65,S,True,second,,True,female,w/c
400,1,3,male,39.0,0,0,7.925,S,True,third,,True,male,m
401,0,3,male,26.0,0,0,8.05,S,False,third,,True,male,m
402,0,3,female,21.0,1,0,9.825,S,False,third,,False,female,w/c
403,0,3,male,28.0,1,0,15.85,S,False,third,,False,male,m
404,0,3,female,20.0,0,0,8.6625,S,False,third,,True,female,w/c
405,0,2,male,34.0,1,0,21.0,S,False,second,,False,male,m
406,0,3,male,51.0,0,0,7.75,S,False,third,,True,male,m
407,1,2,male,3.0,1,1,18.75,S,True,second,,False,child,
408,0,3,male,21.0,0,0,7.775,S,False,third,,True,male,m
409,0,3,female,,3,1,25.4667,S,False,third,,False,female,w/c
410,0,3,male,,0,0,7.8958,S,False,third,,True,male,m
411,0,3,male,,0,0,6.8583,Q,False,third,,True,male,m
412,1,1,female,33.0,1,0,90.0,Q,True,first,,False,female,w/c
413,0,2,male,,0,0,0.0,S,False,second,,True,male,m
414,1,3,male,44.0,0,0,7.925,S,True,third,,True,male,m
415,0,3,female,,0,0,8.05,S,False,third,,True,female,w/c
416,1,2,female,34.0,1,1,32.5,S,True,second,,False,female,w/c
417,1,2,female,18.0,0,2,13.0,S,True,second,,False,female,w/c
418,0,2,male,30.0,0,0,13.0,S,False,second,,True,male,m
419,0,3,female,10.0,0,2,24.15,S,False,third,,False,child,
420,0,3,male,,0,0,7.8958,C,False,third,,True,male,m
421,0,3,male,21.0,0,0,7.7333,Q,False,third,,True,male,m
422,0,3,male,29.0,0,0,7.875,S,False,third,,True,male,m
423,0,3,female,28.0,1,1,14.4,S,False,third,,False,female,w/c
424,0,3,male,18.0,1,1,20.2125,S,False,third,,False,male,m
425,0,3,male,,0,0,7.25,S,False,third,,True,male,m
426,1,2,female,28.0,1,0,26.0,S,True,second,,False,female,w/c
427,1,2,female,19.0,0,0,26.0,S,True,second,,True,female,w/c
428,0,3,male,,0,0,7.75,Q,False,third,,True,male,m
429,1,3,male,32.0,0,0,8.05,S,True,third,,True,male,m
430,1,1,male,28.0,0,0,26.55,S,True,first,,True,male,m
431,1,3,female,,1,0,16.1,S,True,third,,False,female,w/c
432,1,2,female,42.0,1,0,26.0,S,True,second,,False,female,w/c
433,0,3,male,17.0,0,0,7.125,S,False,third,,True,male,m
434,0,1,male,50.0,1,0,55.9,S,False,first,,False,male,m
435,1,1,female,14.0,1,2,120.0,S,True,first,,False,child,
436,0,3,female,21.0,2,2,34.375,S,False,third,,False,female,w/c
437,1,2,female,24.0,2,3,18.75,S,True,second,,False,female,w/c
438,0,1,male,64.0,1,4,263.0,S,False,first,,False,male,m
439,0,2,male,31.0,0,0,10.5,S,False,second,,True,male,m
440,1,2,female,45.0,1,1,26.25,S,True,second,,False,female,w/c
441,0,3,male,20.0,0,0,9.5,S,False,third,,True,male,m
442,0,3,male,25.0,1,0,7.775,S,False,third,,False,male,m
443,1,2,female,28.0,0,0,13.0,S,True,second,,True,female,w/c
444,1,3,male,,0,0,8.1125,S,True,third,,True,male,m
445,1,1,male,4.0,0,2,81.8583,S,True,first,,False,child,
446,1,2,female,13.0,0,1,19.5,S,True,second,,False,child,
447,1,1,male,34.0,0,0,26.55,S,True,first,,True,male,m
448,1,3,female,5.0,2,1,19.2583,C,True,third,,False,child,
449,1,1,male,52.0,0,0,30.5,S,True,first,,True,male,m
450,0,2,male,36.0,1,2,27.75,S,False,second,,False,male,m
451,0,3,male,,1,0,19.9667,S,False,third,,False,male,m
452,0,1,male,30.0,0,0,27.75,C,False,first,,True,male,m
453,1,1,male,49.0,1,0,89.1042,C,True,first,,False,male,m
454,0,3,male,,0,0,8.05,S,False,third,,True,male,m
455,1,3,male,29.0,0,0,7.8958,C,True,third,,True,male,m
456,0,1,male,65.0,0,0,26.55,S,False,first,,True,male,m
457,1,1,female,,1,0,51.8625,S,True,first,,False,female,w/c
458,1,2,female,50.0,0,0,10.5,S,True,second,,True,female,w/c
459,0,3,male,,0,0,7.75,Q,False,third,,True,male,m
460,1,1,male,48.0,0,0,26.55,S,True,first,,True,male,m
461,0,3,male,34.0,0,0,8.05,S,False,third,,True,male,m
462,0,1,male,47.0,0,0,38.5,S,False,first,,True,male,m
463,0,2,male,48.0,0,0,13.0,S,False,second,,True,male,m
464,0,3,male,,0,0,8.05,S,False,third,,True,male,m
465,0,3,male,38.0,0,0,7.05,S,False,third,,True,male,m
466,0,2,male,,0,0,0.0,S,False,second,,True,male,m
467,0,1,male,56.0,0,0,26.55,S,False,first,,True,male,m
468,0,3,male,,0,0,7.725,Q,False,third,,True,male,m
469,1,3,female,0.75,2,1,19.2583,C,True,third,,False,child,
470,0,3,male,,0,0,7.25,S,False,third,,True,male,m
471,0,3,male,38.0,0,0,8.6625,S,False,third,,True,male,m
472,1,2,female,33.0,1,2,27.75,S,True,second,,False,female,w/c
473,1,2,female,23.0,0,0,13.7917,C,True,second,,True,female,w/c
474,0,3,female,22.0,0,0,9.8375,S,False,third,,True,female,w/c
475,0,1,male,,0,0,52.0,S,False,first,,True,male,m
476,0,2,male,34.0,1,0,21.0,S,False,second,,False,male,m
477,0,3,male,29.0,1,0,7.0458,S,False,third,,False,male,m
478,0,3,male,22.0,0,0,7.5208,S,False,third,,True,male,m
479,1,3,female,2.0,0,1,12.2875,S,True,third,,False,child,
480,0,3,male,9.0,5,2,46.9,S,False,third,,False,child,
481,0,2,male,,0,0,0.0,S,False,second,,True,male,m
482,0,3,male,50.0,0,0,8.05,S,False,third,,True,male,m
483,1,3,female,63.0,0,0,9.5875,S,True,third,,True,female,w/c
484,1,1,male,25.0,1,0,91.0792,C,True,first,,False,male,m
485,0,3,female,,3,1,25.4667,S,False,third,,False,female,w/c
486,1,1,female,35.0,1,0,90.0,S,True,first,,False,female,w/c
487,0,1,male,58.0,0,0,29.7,C,False,first,,True,male,m
488,0,3,male,30.0,0,0,8.05,S,False,third,,True,male,m
489,1,3,male,9.0,1,1,15.9,S,True,third,,False,child,
490,0,3,male,,1,0,19.9667,S,False,third,,False,male,m
491,0,3,male,21.0,0,0,7.25,S,False,third,,True,male,m
492,0,1,male,55.0,0,0,30.5,S,False,first,,True,male,m
493,0,1,male,71.0,0,0,49.5042,C,False,first,,True,male,m
494,0,3,male,21.0,0,0,8.05,S,False,third,,True,male,m
495,0,3,male,,0,0,14.4583,C,False,third,,True,male,m
496,1,1,female,54.0,1,0,78.2667,C,True,first,,False,female,w/c
497,0,3,male,,0,0,15.1,S,False,third,,True,male,m
498,0,1,female,25.0,1,2,151.55,S,False,first,,False,female,w/c
499,0,3,male,24.0,0,0,7.7958,S,False,third,,True,male,m
500,0,3,male,17.0,0,0,8.6625,S,False,third,,True,male,m
501,0,3,female,21.0,0,0,7.75,Q,False,third,,True,female,w/c
502,0,3,female,,0,0,7.6292,Q,False,third,,True,female,w/c
503,0,3,female,37.0,0,0,9.5875,S,False,third,,True,female,w/c
504,1,1,female,16.0,0,0,86.5,S,True,first,,True,female,w/c
505,0,1,male,18.0,1,0,108.9,C,False,first,,False,male,m
506,1,2,female,33.0,0,2,26.0,S,True,second,,False,female,w/c
507,1,1,male,,0,0,26.55,S,True,first,,True,male,m
508,0,3,male,28.0,0,0,22.525,S,False,third,,True,male,m
509,1,3,male,26.0,0,0,56.4958,S,True,third,,True,male,m
510,1,3,male,29.0,0,0,7.75,Q,True,third,,True,male,m
511,0,3,male,,0,0,8.05,S,False,third,,True,male,m
512,1,1,male,36.0,0,0,26.2875,S,True,first,,True,male,m
513,1,1,female,54.0,1,0,59.4,C,True,first,,False,female,w/c
514,0,3,male,24.0,0,0,7.4958,S,False,third,,True,male,m
515,0,1,male,47.0,0,0,34.0208,S,False,first,,True,male,m
516,1,2,female,34.0,0,0,10.5,S,True,second,,True,female,w/c
517,0,3,male,,0,0,24.15,Q,False,third,,True,male,m
518,1,2,female,36.0,1,0,26.0,S,True,second,,False,female,w/c
519,0,3,male,32.0,0,0,7.8958,S,False,third,,True,male,m
520,1,1,female,30.0,0,0,93.5,S,True,first,,True,female,w/c
521,0,3,male,22.0,0,0,7.8958,S,False,third,,True,male,m
522,0,3,male,,0,0,7.225,C,False,third,,True,male,m
523,1,1,female,44.0,0,1,57.9792,C,True,first,,False,female,w/c
524,0,3,male,,0,0,7.2292,C,False,third,,True,male,m
525,0,3,male,40.5,0,0,7.75,Q,False,third,,True,male,m
526,1,2,female,50.0,0,0,10.5,S,True,second,,True,female,w/c
527,0,1,male,,0,0,221.7792,S,False,first,,True,male,m
528,0,3,male,39.0,0,0,7.925,S,False,third,,True,male,m
529,0,2,male,23.0,2,1,11.5,S,False,second,,False,male,m
530,1,2,female,2.0,1,1,26.0,S,True,second,,False,child,
531,0,3,male,,0,0,7.2292,C,False,third,,True,male,m
532,0,3,male,17.0,1,1,7.2292,C,False,third,,False,male,m
533,1,3,female,,0,2,22.3583,C,True,third,,False,female,w/c
534,0,3,female,30.0,0,0,8.6625,S,False,third,,True,female,w/c
535,1,2,female,7.0,0,2,26.25,S,True,second,,False,child,
536,0,1,male,45.0,0,0,26.55,S,False,first,,True,male,m
537,1,1,female,30.0,0,0,106.425,C,True,first,,True,female,w/c
538,0,3,male,,0,0,14.5,S,False,third,,True,male,m
539,1,1,female,22.0,0,2,49.5,C,True,first,,False,female,w/c
540,1,1,female,36.0,0,2,71.0,S,True,first,,False,female,w/c
541,0,3,female,9.0,4,2,31.275,S,False,third,,False,child,
542,0,3,female,11.0,4,2,31.275,S,False,third,,False,child,
543,1,2,male,32.0,1,0,26.0,S,True,second,,False,male,m
544,0,1,male,50.0,1,0,106.425,C,False,first,,False,male,m
545,0,1,male,64.0,0,0,26.0,S,False,first,,True,male,m
546,1,2,female,19.0,1,0,26.0,S,True,second,,False,female,w/c
547,1,2,male,,0,0,13.8625,C,True,second,,True,male,m
548,0,3,male,33.0,1,1,20.525,S,False,third,,False,male,m
549,1,2,male,8.0,1,1,36.75,S,True,second,,False,child,
550,1,1,male,17.0,0,2,110.8833,C,True,first,,False,male,m
551,0,2,male,27.0,0,0,26.0,S,False,second,,True,male,m
552,0,3,male,,0,0,7.8292,Q,False,third,,True,male,m
553,1,3,male,22.0,0,0,7.225,C,True,third,,True,male,m
554,1,3,female,22.0,0,0,7.775,S,True,third,,True,female,w/c
555,0,1,male,62.0,0,0,26.55,S,False,first,,True,male,m
556,1,1,female,48.0,1,0,39.6,C,True,first,,False,female,w/c
557,0,1,male,,0,0,227.525,C,False,first,,True,male,m
558,1,1,female,39.0,1,1,79.65,S,True,first,,False,female,w/c
559,1,3,female,36.0,1,0,17.4,S,True,third,,False,female,w/c
560,0,3,male,,0,0,7.75,Q,False,third,,True,male,m
561,0,3,male,40.0,0,0,7.8958,S,False,third,,True,male,m
562,0,2,male,28.0,0,0,13.5,S,False,second,,True,male,m
563,0,3,male,,0,0,8.05,S,False,third,,True,male,m
564,0,3,female,,0,0,8.05,S,False,third,,True,female,w/c
565,0,3,male,24.0,2,0,24.15,S,False,third,,False,male,m
566,0,3,male,19.0,0,0,7.8958,S,False,third,,True,male,m
567,0,3,female,29.0,0,4,21.075,S,False,third,,False,female,w/c
568,0,3,male,,0,0,7.2292,C,False,third,,True,male,m
569,1,3,male,32.0,0,0,7.8542,S,True,third,,True,male,m
570,1,2,male,62.0,0,0,10.5,S,True,second,,True,male,m
571,1,1,female,53.0,2,0,51.4792,S,True,first,,False,female,w/c
572,1,1,male,36.0,0,0,26.3875,S,True,first,,True,male,m
573,1,3,female,,0,0,7.75,Q,True,third,,True,female,w/c
574,0,3,male,16.0,0,0,8.05,S,False,third,,True,male,m
575,0,3,male,19.0,0,0,14.5,S,False,third,,True,male,m
576,1,2,female,34.0,0,0,13.0,S,True,second,,True,female,w/c
577,1,1,female,39.0,1,0,55.9,S,True,first,,False,female,w/c
578,0,3,female,,1,0,14.4583,C,False,third,,False,female,w/c
579,1,3,male,32.0,0,0,7.925,S,True,third,,True,male,m
580,1,2,female,25.0,1,1,30.0,S,True,second,,False,female,w/c
581,1,1,female,39.0,1,1,110.8833,C,True,first,,False,female,w/c
582,0,2,male,54.0,0,0,26.0,S,False,second,,True,male,m
583,0,1,male,36.0,0,0,40.125,C,False,first,,True,male,m
584,0,3,male,,0,0,8.7125,C,False,third,,True,male,m
585,1,1,female,18.0,0,2,79.65,S,True,first,,False,female,w/c
586,0,2,male,47.0,0,0,15.0,S,False,second,,True,male,m
587,1,1,male,60.0,1,1,79.2,C,True,first,,False,male,m
588,0,3,male,22.0,0,0,8.05,S,False,third,,True,male,m
589,0,3,male,,0,0,8.05,S,False,third,,True,male,m
590,0,3,male,35.0,0,0,7.125,S,False,third,,True,male,m
591,1,1,female,52.0,1,0,78.2667,C,True,first,,False,female,w/c
592,0,3,male,47.0,0,0,7.25,S,False,third,,True,male,m
593,0,3,female,,0,2,7.75,Q,False,third,,False,female,w/c
594,0,2,male,37.0,1,0,26.0,S,False,second,,False,male,m
595,0,3,male,36.0,1,1,24.15,S,False,third,,False,male,m
596,1,2,female,,0,0,33.0,S,True,second,,True,female,w/c
597,0,3,male,49.0,0,0,0.0,S,False,third,,True,male,m
598,0,3,male,,0,0,7.225,C,False,third,,True,male,m
599,1,1,male,49.0,1,0,56.9292,C,True,first,,False,male,m
600,1,2,female,24.0,2,1,27.0,S,True,second,,False,female,w/c
601,0,3,male,,0,0,7.8958,S,False,third,,True,male,m
602,0,1,male,,0,0,42.4,S,False,first,,True,male,m
603,0,3,male,44.0,0,0,8.05,S,False,third,,True,male,m
604,1,1,male,35.0,0,0,26.55,C,True,first,,True,male,m
605,0,3,male,36.0,1,0,15.55,S,False,third,,False,male,m
606,0,3,male,30.0,0,0,7.8958,S,False,third,,True,male,m
607,1,1,male,27.0,0,0,30.5,S,True,first,,True,male,m
608,1,2,female,22.0,1,2,41.5792,C,True,second,,False,female,w/c
609,1,1,female,40.0,0,0,153.4625,S,True,first,,True,female,w/c
610,0,3,female,39.0,1,5,31.275,S,False,third,,False,female,w/c
611,0,3,male,,0,0,7.05,S,False,third,,True,male,m
612,1,3,female,,1,0,15.5,Q,True,third,,False,female,w/c
613,0,3,male,,0,0,7.75,Q,False,third,,True,male,m
614,0,3,male,35.0,0,0,8.05,S,False,third,,True,male,m
615,1,2,female,24.0,1,2,65.0,S,True,second,,False,female,w/c
616,0,3,male,34.0,1,1,14.4,S,False,third,,False,male,m
617,0,3,female,26.0,1,0,16.1,S,False,third,,False,female,w/c
618,1,2,female,4.0,2,1,39.0,S,True,second,,False,child,
619,0,2,male,26.0,0,0,10.5,S,False,second,,True,male,m
620,0,3,male,27.0,1,0,14.4542,C,False,third,,False,male,m
621,1,1,male,42.0,1,0,52.5542,S,True,first,,False,male,m
622,1,3,male,20.0,1,1,15.7417,C,True,third,,False,male,m
623,0,3,male,21.0,0,0,7.8542,S,False,third,,True,male,m
624,0,3,male,21.0,0,0,16.1,S,False,third,,True,male,m
625,0,1,male,61.0,0,0,32.3208,S,False,first,,True,male,m
626,0,2,male,57.0,0,0,12.35,Q,False,second,,True,male,m
627,1,1,female,21.0,0,0,77.9583,S,True,first,,True,female,w/c
628,0,3,male,26.0,0,0,7.8958,S,False,third,,True,male,m
629,0,3,male,,0,0,7.7333,Q,False,third,,True,male,m
630,1,1,male,80.0,0,0,30.0,S,True,first,,True,male,m
631,0,3,male,51.0,0,0,7.0542,S,False,third,,True,male,m
632,1,1,male,32.0,0,0,30.5,C,True,first,,True,male,m
633,0,1,male,,0,0,0.0,S,False,first,,True,male,m
634,0,3,female,9.0,3,2,27.9,S,False,third,,False,child,
635,1,2,female,28.0,0,0,13.0,S,True,second,,True,female,w/c
636,0,3,male,32.0,0,0,7.925,S,False,third,,True,male,m
637,0,2,male,31.0,1,1,26.25,S,False,second,,False,male,m
638,0,3,female,41.0,0,5,39.6875,S,False,third,,False,female,w/c
639,0,3,male,,1,0,16.1,S,False,third,,False,male,m
640,0,3,male,20.0,0,0,7.8542,S,False,third,,True,male,m
641,1,1,female,24.0,0,0,69.3,C,True,first,,True,female,w/c
642,0,3,female,2.0,3,2,27.9,S,False,third,,False,child,
643,1,3,male,,0,0,56.4958,S,True,third,,True,male,m
644,1,3,female,0.75,2,1,19.2583,C,True,third,,False,child,
645,1,1,male,48.0,1,0,76.7292,C,True,first,,False,male,m
646,0,3,male,19.0,0,0,7.8958,S,False,third,,True,male,m
647,1,1,male,56.0,0,0,35.5,C,True,first,,True,male,m
648,0,3,male,,0,0,7.55,S,False,third,,True,male,m
649,1,3,female,23.0,0,0,7.55,S,True,third,,True,female,w/c
650,0,3,male,,0,0,7.8958,S,False,third,,True,male,m
651,1,2,female,18.0,0,1,23.0,S,True,second,,False,female,w/c
652,0,3,male,21.0,0,0,8.4333,S,False,third,,True,male,m
653,1,3,female,,0,0,7.8292,Q,True,third,,True,female,w/c
654,0,3,female,18.0,0,0,6.75,Q,False,third,,True,female,w/c
655,0,2,male,24.0,2,0,73.5,S,False,second,,False,male,m
656,0,3,male,,0,0,7.8958,S,False,third,,True,male,m
657,0,3,female,32.0,1,1,15.5,Q,False,third,,False,female,w/c
658,0,2,male,23.0,0,0,13.0,S,False,second,,True,male,m
659,0,1,male,58.0,0,2,113.275,C,False,first,,False,male,m
660,1,1,male,50.0,2,0,133.65,S,True,first,,False,male,m
661,0,3,male,40.0,0,0,7.225,C,False,third,,True,male,m
662,0,1,male,47.0,0,0,25.5875,S,False,first,,True,male,m
663,0,3,male,36.0,0,0,7.4958,S,False,third,,True,male,m
664,1,3,male,20.0,1,0,7.925,S,True,third,,False,male,m
665,0,2,male,32.0,2,0,73.5,S,False,second,,False,male,m
666,0,2,male,25.0,0,0,13.0,S,False,second,,True,male,m
667,0,3,male,,0,0,7.775,S,False,third,,True,male,m
668,0,3,male,43.0,0,0,8.05,S,False,third,,True,male,m
669,1,1,female,,1,0,52.0,S,True,first,,False,female,w/c
670,1,2,female,40.0,1,1,39.0,S,True,second,,False,female,w/c
671,0,1,male,31.0,1,0,52.0,S,False,first,,False,male,m
672,0,2,male,70.0,0,0,10.5,S,False,second,,True,male,m
673,1,2,male,31.0,0,0,13.0,S,True,second,,True,male,m
674,0,2,male,,0,0,0.0,S,False,second,,True,male,m
675,0,3,male,18.0,0,0,7.775,S,False,third,,True,male,m
676,0,3,male,24.5,0,0,8.05,S,False,third,,True,male,m
677,1,3,female,18.0,0,0,9.8417,S,True,third,,True,female,w/c
678,0,3,female,43.0,1,6,46.9,S,False,third,,False,female,w/c
679,1,1,male,36.0,0,1,512.3292,C,True,first,,False,male,m
680,0,3,female,,0,0,8.1375,Q,False,third,,True,female,w/c
681,1,1,male,27.0,0,0,76.7292,C,True,first,,True,male,m
682,0,3,male,20.0,0,0,9.225,S,False,third,,True,male,m
683,0,3,male,14.0,5,2,46.9,S,False,third,,False,child,
684,0,2,male,60.0,1,1,39.0,S,False,second,,False,male,m
685,0,2,male,25.0,1,2,41.5792,C,False,second,,False,male,m
686,0,3,male,14.0,4,1,39.6875,S,False,third,,False,child,
687,0,3,male,19.0,0,0,10.1708,S,False,third,,True,male,m
688,0,3,male,18.0,0,0,7.7958,S,False,third,,True,male,m
689,1,1,female,15.0,0,1,211.3375,S,True,first,,False,child,
690,1,1,male,31.0,1,0,57.0,S,True,first,,False,male,m
691,1,3,female,4.0,0,1,13.4167,C,True,third,,False,child,
692,1,3,male,,0,0,56.4958,S,True,third,,True,male,m
693,0,3,male,25.0,0,0,7.225,C,False,third,,True,male,m
694,0,1,male,60.0,0,0,26.55,S,False,first,,True,male,m
695,0,2,male,52.0,0,0,13.5,S,False,second,,True,male,m
696,0,3,male,44.0,0,0,8.05,S,False,third,,True,male,m
697,1,3,female,,0,0,7.7333,Q,True,third,,True,female,w/c
698,0,1,male,49.0,1,1,110.8833,C,False,first,,False,male,m
699,0,3,male,42.0,0,0,7.65,S,False,third,,True,male,m
700,1,1,female,18.0,1,0,227.525,C,True,first,,False,female,w/c
701,1,1,male,35.0,0,0,26.2875,S,True,first,,True,male,m
702,0,3,female,18.0,0,1,14.4542,C,False,third,,False,female,w/c
703,0,3,male,25.0,0,0,7.7417,Q,False,third,,True,male,m
704,0,3,male,26.0,1,0,7.8542,S,False,third,,False,male,m
705,0,2,male,39.0,0,0,26.0,S,False,second,,True,male,m
706,1,2,female,45.0,0,0,13.5,S,True,second,,True,female,w/c
707,1,1,male,42.0,0,0,26.2875,S,True,first,,True,male,m
708,1,1,female,22.0,0,0,151.55,S,True,first,,True,female,w/c
709,1,3,male,,1,1,15.2458,C,True,third,,False,male,m
710,1,1,female,24.0,0,0,49.5042,C,True,first,,True,female,w/c
711,0,1,male,,0,0,26.55,S,False,first,,True,male,m
712,1,1,male,48.0,1,0,52.0,S,True,first,,False,male,m
713,0,3,male,29.0,0,0,9.4833,S,False,third,,True,male,m
714,0,2,male,52.0,0,0,13.0,S,False,second,,True,male,m
715,0,3,male,19.0,0,0,7.65,S,False,third,,True,male,m
716,1,1,female,38.0,0,0,227.525,C,True,first,,True,female,w/c
717,1,2,female,27.0,0,0,10.5,S,True,second,,True,female,w/c
718,0,3,male,,0,0,15.5,Q,False,third,,True,male,m
719,0,3,male,33.0,0,0,7.775,S,False,third,,True,male,m
720,1,2,female,6.0,0,1,33.0,S,True,second,,False,child,
721,0,3,male,17.0,1,0,7.0542,S,False,third,,False,male,m
722,0,2,male,34.0,0,0,13.0,S,False,second,,True,male,m
723,0,2,male,50.0,0,0,13.0,S,False,second,,True,male,m
724,1,1,male,27.0,1,0,53.1,S,True,first,,False,male,m
725,0,3,male,20.0,0,0,8.6625,S,False,third,,True,male,m
726,1,2,female,30.0,3,0,21.0,S,True,second,,False,female,w/c
727,1,3,female,,0,0,7.7375,Q,True,third,,True,female,w/c
728,0,2,male,25.0,1,0,26.0,S,False,second,,False,male,m
729,0,3,female,25.0,1,0,7.925,S,False,third,,False,female,w/c
730,1,1,female,29.0,0,0,211.3375,S,True,first,,True,female,w/c
731,0,3,male,11.0,0,0,18.7875,C,False,third,,True,child,
732,0,2,male,,0,0,0.0,S,False,second,,True,male,m
733,0,2,male,23.0,0,0,13.0,S,False,second,,True,male,m
734,0,2,male,23.0,0,0,13.0,S,False,second,,True,male,m
735,0,3,male,28.5,0,0,16.1,S,False,third,,True,male,m
736,0,3,female,48.0,1,3,34.375,S,False,third,,False,female,w/c
737,1,1,male,35.0,0,0,512.3292,C,True,first,,True,male,m
738,0,3,male,,0,0,7.8958,S,False,third,,True,male,m
739,0,3,male,,0,0,7.8958,S,False,third,,True,male,m
740,1,1,male,,0,0,30.0,S,True,first,,True,male,m
741,0,1,male,36.0,1,0,78.85,S,False,first,,False,male,m
742,1,1,female,21.0,2,2,262.375,C,True,first,,False,female,w/c
743,0,3,male,24.0,1,0,16.1,S,False,third,,False,male,m
744,1,3,male,31.0,0,0,7.925,S,True,third,,True,male,m
745,0,1,male,70.0,1,1,71.0,S,False,first,,False,male,m
746,0,3,male,16.0,1,1,20.25,S,False,third,,False,male,m
747,1,2,female,30.0,0,0,13.0,S,True,second,,True,female,w/c
748,0,1,male,19.0,1,0,53.1,S,False,first,,False,male,m
749,0,3,male,31.0,0,0,7.75,Q,False,third,,True,male,m
750,1,2,female,4.0,1,1,23.0,S,True,second,,False,child,
751,1,3,male,6.0,0,1,12.475,S,True,third,,False,child,
752,0,3,male,33.0,0,0,9.5,S,False,third,,True,male,m
753,0,3,male,23.0,0,0,7.8958,S,False,third,,True,male,m
754,1,2,female,48.0,1,2,65.0,S,True,second,,False,female,w/c
755,1,2,male,0.67,1,1,14.5,S,True,second,,False,child,
756,0,3,male,28.0,0,0,7.7958,S,False,third,,True,male,m
757,0,2,male,18.0,0,0,11.5,S,False,second,,True,male,m
758,0,3,male,34.0,0,0,8.05,S,False,third,,True,male,m
759,1,1,female,33.0,0,0,86.5,S,True,first,,True,female,w/c
760,0,3,male,,0,0,14.5,S,False,third,,True,male,m
761,0,3,male,41.0,0,0,7.125,S,False,third,,True,male,m
762,1,3,male,20.0,0,0,7.2292,C,True,third,,True,male,m
763,1,1,female,36.0,1,2,120.0,S,True,first,,False,female,w/c
764,0,3,male,16.0,0,0,7.775,S,False,third,,True,male,m
765,1,1,female,51.0,1,0,77.9583,S,True,first,,False,female,w/c
766,0,1,male,,0,0,39.6,C,False,first,,True,male,m
767,0,3,female,30.5,0,0,7.75,Q,False,third,,True,female,w/c
768,0,3,male,,1,0,24.15,Q,False,third,,False,male,m
769,0,3,male,32.0,0,0,8.3625,S,False,third,,True,male,m
770,0,3,male,24.0,0,0,9.5,S,False,third,,True,male,m
771,0,3,male,48.0,0,0,7.8542,S,False,third,,True,male,m
772,0,2,female,57.0,0,0,10.5,S,False,second,,True,female,w/c
773,0,3,male,,0,0,7.225,C,False,third,,True,male,m
774,1,2,female,54.0,1,3,23.0,S,True,second,,False,female,w/c
775,0,3,male,18.0,0,0,7.75,S,False,third,,True,male,m
776,0,3,male,,0,0,7.75,Q,False,third,,True,male,m
777,1,3,female,5.0,0,0,12.475,S,True,third,,True,child,
778,0,3,male,,0,0,7.7375,Q,False,third,,True,male,m
779,1,1,female,43.0,0,1,211.3375,S,True,first,,False,female,w/c
780,1,3,female,13.0,0,0,7.2292,C,True,third,,True,child,
781,1,1,female,17.0,1,0,57.0,S,True,first,,False,female,w/c
782,0,1,male,29.0,0,0,30.0,S,False,first,,True,male,m
783,0,3,male,,1,2,23.45,S,False,third,,False,male,m
784,0,3,male,25.0,0,0,7.05,S,False,third,,True,male,m
785,0,3,male,25.0,0,0,7.25,S,False,third,,True,male,m
786,1,3,female,18.0,0,0,7.4958,S,True,third,,True,female,w/c
787,0,3,male,8.0,4,1,29.125,Q,False,third,,False,child,
788,1,3,male,1.0,1,2,20.575,S,True,third,,False,child,
789,0,1,male,46.0,0,0,79.2,C,False,first,,True,male,m
790,0,3,male,,0,0,7.75,Q,False,third,,True,male,m
791,0,2,male,16.0,0,0,26.0,S,False,second,,True,male,m
792,0,3,female,,8,2,69.55,S,False,third,,False,female,w/c
793,0,1,male,,0,0,30.6958,C,False,first,,True,male,m
794,0,3,male,25.0,0,0,7.8958,S,False,third,,True,male,m
795,0,2,male,39.0,0,0,13.0,S,False,second,,True,male,m
796,1,1,female,49.0,0,0,25.9292,S,True,first,,True,female,w/c
797,1,3,female,31.0,0,0,8.6833,S,True,third,,True,female,w/c
798,0,3,male,30.0,0,0,7.2292,C,False,third,,True,male,m
799,0,3,female,30.0,1,1,24.15,S,False,third,,False,female,w/c
800,0,2,male,34.0,0,0,13.0,S,False,second,,True,male,m
801,1,2,female,31.0,1,1,26.25,S,True,second,,False,female,w/c
802,1,1,male,11.0,1,2,120.0,S,True,first,,False,child,
803,1,3,male,0.42,0,1,8.5167,C,True,third,,False,child,
804,1,3,male,27.0,0,0,6.975,S,True,third,,True,male,m
805,0,3,male,31.0,0,0,7.775,S,False,third,,True,male,m
806,0,1,male,39.0,0,0,0.0,S,False,first,,True,male,m
807,0,3,female,18.0,0,0,7.775,S,False,third,,True,female,w/c
808,0,2,male,39.0,0,0,13.0,S,False,second,,True,male,m
809,1,1,female,33.0,1,0,53.1,S,True,first,,False,female,w/c
810,0,3,male,26.0,0,0,7.8875,S,False,third,,True,male,m
811,0,3,male,39.0,0,0,24.15,S,False,third,,True,male,m
812,0,2,male,35.0,0,0,10.5,S,False,second,,True,male,m
813,0,3,female,6.0,4,2,31.275,S,False,third,,False,child,
814,0,3,male,30.5,0,0,8.05,S,False,third,,True,male,m
815,0,1,male,,0,0,0.0,S,False,first,,True,male,m
816,0,3,female,23.0,0,0,7.925,S,False,third,,True,female,w/c
817,0,2,male,31.0,1,1,37.0042,C,False,second,,False,male,m
818,0,3,male,43.0,0,0,6.45,S,False,third,,True,male,m
819,0,3,male,10.0,3,2,27.9,S,False,third,,False,child,
820,1,1,female,52.0,1,1,93.5,S,True,first,,False,female,w/c
821,1,3,male,27.0,0,0,8.6625,S,True,third,,True,male,m
822,0,1,male,38.0,0,0,0.0,S,False,first,,True,male,m
823,1,3,female,27.0,0,1,12.475,S,True,third,,False,female,w/c
824,0,3,male,2.0,4,1,39.6875,S,False,third,,False,child,
825,0,3,male,,0,0,6.95,Q,False,third,,True,male,m
826,0,3,male,,0,0,56.4958,S,False,third,,True,male,m
827,1,2,male,1.0,0,2,37.0042,C,True,second,,False,child,
828,1,3,male,,0,0,7.75,Q,True,third,,True,male,m
829,1,1,female,62.0,0,0,80.0,,True,first,,True,female,w/c
830,1,3,female,15.0,1,0,14.4542,C,True,third,,False,child,
831,1,2,male,0.83,1,1,18.75,S,True,second,,False,child,
832,0,3,male,,0,0,7.2292,C,False,third,,True,male,m
833,0,3,male,23.0,0,0,7.8542,S,False,third,,True,male,m
834,0,3,male,18.0,0,0,8.3,S,False,third,,True,male,m
835,1,1,female,39.0,1,1,83.1583,C,True,first,,False,female,w/c
836,0,3,male,21.0,0,0,8.6625,S,False,third,,True,male,m
837,0,3,male,,0,0,8.05,S,False,third,,True,male,m
838,1,3,male,32.0,0,0,56.4958,S,True,third,,True,male,m
839,1,1,male,,0,0,29.7,C,True,first,,True,male,m
840,0,3,male,20.0,0,0,7.925,S,False,third,,True,male,m
841,0,2,male,16.0,0,0,10.5,S,False,second,,True,male,m
842,1,1,female,30.0,0,0,31.0,C,True,first,,True,female,w/c
843,0,3,male,34.5,0,0,6.4375,C,False,third,,True,male,m
844,0,3,male,17.0,0,0,8.6625,S,False,third,,True,male,m
845,0,3,male,42.0,0,0,7.55,S,False,third,,True,male,m
846,0,3,male,,8,2,69.55,S,False,third,,False,male,m
847,0,3,male,35.0,0,0,7.8958,C,False,third,,True,male,m
848,0,2,male,28.0,0,1,33.0,S,False,second,,False,male,m
849,1,1,female,,1,0,89.1042,C,True,first,,False,female,w/c
850,0,3,male,4.0,4,2,31.275,S,False,third,,False,child,
851,0,3,male,74.0,0,0,7.775,S,False,third,,True,male,m
852,0,3,female,9.0,1,1,15.2458,C,False,third,,False,child,
853,1,1,female,16.0,0,1,39.4,S,True,first,,False,female,w/c
854,0,2,female,44.0,1,0,26.0,S,False,second,,False,female,w/c
855,1,3,female,18.0,0,1,9.35,S,True,third,,False,female,w/c
856,1,1,female,45.0,1,1,164.8667,S,True,first,,False,female,w/c
857,1,1,male,51.0,0,0,26.55,S,True,first,,True,male,m
858,1,3,female,24.0,0,3,19.2583,C,True,third,,False,female,w/c
859,0,3,male,,0,0,7.2292,C,False,third,,True,male,m
860,0,3,male,41.0,2,0,14.1083,S,False,third,,False,male,m
861,0,2,male,21.0,1,0,11.5,S,False,second,,False,male,m
862,1,1,female,48.0,0,0,25.9292,S,True,first,,True,female,w/c
863,0,3,female,,8,2,69.55,S,False,third,,False,female,w/c
864,0,2,male,24.0,0,0,13.0,S,False,second,,True,male,m
865,1,2,female,42.0,0,0,13.0,S,True,second,,True,female,w/c
866,1,2,female,27.0,1,0,13.8583,C,True,second,,False,female,w/c
867,0,1,male,31.0,0,0,50.4958,S,False,first,,True,male,m
868,0,3,male,,0,0,9.5,S,False,third,,True,male,m
869,1,3,male,4.0,1,1,11.1333,S,True,third,,False,child,
870,0,3,male,26.0,0,0,7.8958,S,False,third,,True,male,m
871,1,1,female,47.0,1,1,52.5542,S,True,first,,False,female,w/c
872,0,1,male,33.0,0,0,5.0,S,False,first,,True,male,m
873,0,3,male,47.0,0,0,9.0,S,False,third,,True,male,m
874,1,2,female,28.0,1,0,24.0,C,True,second,,False,female,w/c
875,1,3,female,15.0,0,0,7.225,C,True,third,,True,child,
876,0,3,male,20.0,0,0,9.8458,S,False,third,,True,male,m
877,0,3,male,19.0,0,0,7.8958,S,False,third,,True,male,m
878,0,3,male,,0,0,7.8958,S,False,third,,True,male,m
879,1,1,female,56.0,0,1,83.1583,C,True,first,,False,female,w/c
880,1,2,female,25.0,0,1,26.0,S,True,second,,False,female,w/c
881,0,3,male,33.0,0,0,7.8958,S,False,third,,True,male,m
882,0,3,female,22.0,0,0,10.5167,S,False,third,,True,female,w/c
883,0,2,male,28.0,0,0,10.5,S,False,second,,True,male,m
884,0,3,male,25.0,0,0,7.05,S,False,third,,True,male,m
885,0,3,female,39.0,0,5,29.125,Q,False,third,,False,female,w/c
886,0,2,male,27.0,0,0,13.0,S,False,second,,True,male,m
887,1,1,female,19.0,0,0,30.0,S,True,first,,True,female,w/c
888,0,3,female,,1,2,23.45,S,False,third,,False,female,w/c
889,1,1,male,26.0,0,0,30.0,C,True,first,,True,male,m
890,0,3,male,32.0,0,0,7.75,Q,False,third,,True,male,m
